"lesson","ar_chars","en_chars","en_ar_ratio","code_example","expected_output","common_mistakes","answered_exercise","diagram","audit_risk"
"auth/01-session-security.md","3072","1725","0.56","yes","no","no","yes","no","high:english-depth+missing-output+missing-mistakes+thin"
"auth/02-input-validation.md","2645","1501","0.57","yes","no","no","yes","no","high:english-depth+missing-output+missing-mistakes+thin"
"auth/03-csrf.md","2516","1521","0.60","yes","no","no","yes","no","high:english-depth+missing-output+missing-mistakes+thin"
"auth/04-xss.md","2492","1393","0.56","yes","no","no","yes","no","high:english-depth+missing-output+missing-mistakes+thin"
"auth/05-password-hashing.md","2526","1625","0.64","yes","no","no","yes","no","high:english-depth+missing-output+missing-mistakes+thin"
"auth/06-encryption-http-auth.md","2921","1489","0.51","yes","no","no","yes","no","high:english-depth+missing-output+missing-mistakes+thin"
"auth/07-authentication-authorization.md","2495","1726","0.69","yes","no","no","yes","no","high:english-depth+missing-output+missing-mistakes+thin"
"auth/08-jwt-security.md","3693","2963","0.80","yes","no","no","yes","no","medium:missing-output+missing-mistakes"
"auth/09-federation-saml-oidc.md","3464","2928","0.85","yes","no","no","yes","no","medium:missing-output+missing-mistakes"
"auth/10-oauth-concepts-tokens.md","3894","2945","0.76","yes","no","no","yes","no","medium:missing-output+missing-mistakes"
"auth/11-oauth-flows-pkce-device.md","4410","3353","0.76","yes","no","no","yes","no","medium:missing-output+missing-mistakes"
"auth/12-oauth-oidc-security.md","4370","3417","0.78","yes","no","no","yes","no","medium:missing-output+missing-mistakes"
"auth/13-account-lifecycle.md","1858","1762","0.95","yes","no","no","yes","no","high:missing-output+missing-mistakes+thin"
"auth/14-mfa-passkeys.md","1836","1928","1.05","yes","no","no","yes","no","medium:missing-output+missing-mistakes"
"auth/15-api-keys-machine-identity.md","1529","1439","0.94","yes","no","no","yes","no","high:missing-output+missing-mistakes+thin"
"auth/16-advanced-authorization-multitenancy.md","1773","1611","0.91","yes","no","no","yes","no","high:missing-output+missing-mistakes+thin"
"auth/17-rate-limiting-abuse.md","1748","1537","0.88","yes","no","no","yes","no","high:missing-output+missing-mistakes+thin"
"auth/18-security-logging-audit.md","1791","1656","0.92","yes","no","no","yes","no","high:missing-output+missing-mistakes+thin"
"auth/19-secrets-key-management.md","2244","2159","0.96","yes","no","no","yes","no","medium:missing-output+missing-mistakes"
"auth/20-threat-modeling-authorization-testing.md","4272","4209","0.99","yes","no","no","yes","no","medium:missing-output+missing-mistakes"
"auth/21-device-sessions-breached-passwords-scim.md","4432","4344","0.98","yes","no","no","yes","no","medium:missing-output+missing-mistakes"
"auth/22-par-jar-rar-token-incidents.md","4646","4563","0.98","yes","no","no","yes","no","medium:missing-output+missing-mistakes"
"cpp/conditions-projects/01-input-business-rules.md","7986","8138","1.02","yes","no","yes","yes","yes","medium:missing-output"
"cpp/conditions-projects/02-compilation-pipeline-diagnostics.md","13198","12198","0.92","yes","yes","no","yes","yes","medium:missing-mistakes"
"cpp/conditions-projects/06-if-else-validation-nesting.md","8927","8390","0.94","yes","no","yes","yes","yes","medium:missing-output"
"cpp/conditions-projects/07-switch-control-flow.md","11659","9715","0.83","yes","no","yes","yes","yes","medium:missing-output"
"cpp/foundations/01-problem-solving-review.md","8489","7612","0.90","yes","no","yes","yes","yes","medium:missing-output"
"cpp/foundations/02-number-systems-computer-internals.md","8655","8030","0.93","yes","no","yes","yes","yes","medium:missing-output"
"cpp/foundations/03-setup-syntax-translation-output.md","9616","9583","1.00","yes","no","yes","yes","yes","medium:missing-output"
"cpp/foundations/04-types-variables-scope-encoding.md","10749","9840","0.92","yes","no","yes","yes","yes","medium:missing-output"
"cpp/foundations/05-operators-conversions-limits.md","10169","9860","0.97","yes","no","yes","yes","yes","medium:missing-output"
"cpp/foundations/06-input-source-build-errors-math.md","7623","8052","1.06","yes","yes","yes","yes","yes","low"
"cpp/loops-competitive/01-encoding-casts-math.md","7616","6632","0.87","yes","no","yes","yes","yes","medium:missing-output"
"cpp/loops-competitive/02-competitive-programming.md","6690","6072","0.91","yes","yes","yes","yes","yes","low"
"cpp/loops-competitive/03-conditions-codeforces.md","13936","11877","0.85","yes","no","yes","yes","yes","medium:missing-output"
"cpp/loops-competitive/04-loops-counters-accumulators.md","18739","17857","0.95","yes","no","yes","yes","yes","medium:missing-output"
"database/01-pdo-prepared-statements.md","3664","1927","0.53","yes","no","no","yes","no","high:english-depth+missing-output+missing-mistakes"
"database/02-orm-patterns.md","2670","1746","0.65","yes","no","no","yes","no","high:english-depth+missing-output+missing-mistakes+thin"
"database/03-transactions-acid.md","3747","1987","0.53","yes","no","yes","yes","no","medium:english-depth+missing-output"
"database/04-isolation-locking.md","3171","1842","0.58","yes","no","no","yes","no","high:english-depth+missing-output+missing-mistakes"
"database/05-schema-indexes-migrations.md","3242","1949","0.60","yes","no","no","yes","no","high:english-depth+missing-output+missing-mistakes"
"oop/01-classes-objects-encapsulation.md","3503","1892","0.54","yes","no","no","yes","no","high:english-depth+missing-output+missing-mistakes"
"oop/02-inheritance-polymorphism.md","2859","1650","0.58","yes","no","no","yes","no","high:english-depth+missing-output+missing-mistakes+thin"
"oop/03-traits.md","2684","1601","0.60","yes","no","no","yes","no","high:english-depth+missing-output+missing-mistakes+thin"
"oop/04-abstraction-interfaces.md","2755","1596","0.58","yes","no","no","yes","no","high:english-depth+missing-output+missing-mistakes+thin"
"oop/05-constants-static.md","2308","1445","0.63","yes","no","no","yes","no","high:english-depth+missing-output+missing-mistakes+thin"
"oop/06-constructors-readonly-di.md","2590","1663","0.64","yes","no","no","yes","no","high:english-depth+missing-output+missing-mistakes+thin"
"oop/07-magic-methods-cloning.md","2961","1645","0.56","yes","no","no","yes","no","high:english-depth+missing-output+missing-mistakes+thin"
"oop/08-review-checklist.md","1493","1507","1.01","no","no","no","yes","no","medium:missing-mistakes+thin"
"php/01-introduction-and-syntax.md","12875","12733","0.99","yes","yes","yes","yes","yes","low"
"php/02-variables-scope-superglobals.md","13171","12447","0.95","yes","no","no","yes","no","medium:missing-output+missing-mistakes"
"php/03-types.md","16017","14833","0.93","yes","no","yes","yes","no","medium:missing-output"
"php/04-output-debugging-constants.md","10912","9833","0.90","yes","no","yes","yes","no","medium:missing-output"
"php/05-control-flow.md","4745","3880","0.82","yes","no","no","yes","no","medium:missing-output+missing-mistakes"
"php/06-expressions-operators.md","4596","3860","0.84","yes","no","no","yes","no","medium:missing-output+missing-mistakes"
"php/07-functions-and-includes.md","5443","4192","0.77","yes","no","no","yes","no","medium:missing-output+missing-mistakes"
"php/08-files-streams-data.md","5830","4130","0.71","yes","no","no","yes","no","medium:missing-output+missing-mistakes"
"php/09-uploads-cookies-sessions.md","6010","4694","0.78","yes","no","no","yes","no","medium:missing-output+missing-mistakes"
"php/10-namespaces-autoloading.md","3758","3620","0.96","yes","no","no","yes","no","medium:missing-output+missing-mistakes"
"php/11-errors-exceptions.md","3987","4229","1.06","yes","no","no","yes","no","medium:missing-output+missing-mistakes"
"php/12-arrays-functional-tools.md","3892","3889","1.00","yes","no","no","yes","no","medium:missing-output+missing-mistakes"
"php/13-strings-unicode-regex.md","3617","3532","0.98","yes","no","no","yes","no","medium:missing-output+missing-mistakes"
"php/14-datetime-timezones.md","3894","3810","0.98","yes","no","no","yes","no","medium:missing-output+missing-mistakes"
"php/15-request-router-response.md","3973","3902","0.98","yes","no","no","yes","no","medium:missing-output+missing-mistakes"
"php/16-modern-php-features.md","8089","7839","0.97","yes","no","no","yes","no","medium:missing-output+missing-mistakes"
"php/17-integrated-programs-debugging.md","8700","8358","0.96","yes","yes","no","yes","yes","medium:missing-mistakes"
"php-runtime/01-composer-dependencies.md","3380","3106","0.92","yes","no","no","yes","no","medium:missing-output+missing-mistakes"
"php-runtime/02-curl-http-clients.md","4015","3618","0.90","yes","no","no","yes","no","medium:missing-output+missing-mistakes"
"php-runtime/03-opcache-preloading.md","3275","2780","0.85","yes","no","no","yes","no","medium:missing-output+missing-mistakes"
"php-runtime/04-memory-garbage-collection.md","3720","3252","0.87","yes","no","no","yes","no","medium:missing-output+missing-mistakes"
"php-runtime/05-php-fpm-processes.md","3427","2718","0.79","yes","no","no","yes","no","medium:missing-output+missing-mistakes"
"php-runtime/06-web-servers-fastcgi.md","3840","3050","0.79","yes","no","no","yes","no","medium:missing-output+missing-mistakes"
"php-runtime/07-environment-configuration.md","4508","3637","0.81","yes","no","no","yes","no","medium:missing-output+missing-mistakes"
"php-runtime/08-cli-ini-extensions.md","1897","1780","0.94","yes","no","no","yes","no","high:missing-output+missing-mistakes+thin"
"php-runtime/09-logging-observability.md","1975","1863","0.94","yes","no","no","yes","no","medium:missing-output+missing-mistakes"
"php-runtime/10-testing-quality.md","2211","2148","0.97","yes","no","no","yes","no","medium:missing-output+missing-mistakes"
"php-runtime/11-data-caching-redis.md","1970","1863","0.95","yes","no","no","yes","no","medium:missing-output+missing-mistakes"
"php-runtime/12-queues-workers-scheduling.md","1794","1762","0.98","yes","no","no","yes","no","high:missing-output+missing-mistakes+thin"
"php-runtime/13-deployment-cicd-containers.md","2012","1885","0.94","yes","no","no","yes","no","medium:missing-output+missing-mistakes"
"php-runtime/14-dependency-supply-chain-security.md","1916","1936","1.01","yes","no","no","yes","no","medium:missing-output+missing-mistakes"
"php-runtime/15-profiling-slo-opentelemetry.md","4637","4813","1.04","yes","no","no","yes","no","medium:missing-output+missing-mistakes"
"php-runtime/16-resilience-workers.md","4349","4510","1.04","yes","no","no","yes","no","medium:missing-output+missing-mistakes"
"php-runtime/17-disaster-recovery.md","3700","3898","1.05","no","no","no","yes","no","medium:missing-mistakes"
"programming-basics/01-web-and-request-flow.md","5830","6820","1.17","yes","yes","yes","yes","yes","low"
"programming-basics/02-dns-and-ip.md","4422","5149","1.16","yes","no","yes","yes","no","medium:missing-output"
"programming-basics/03-tcp-udp-packets.md","4875","5694","1.17","yes","no","yes","yes","no","medium:missing-output"
"programming-basics/04-url-ports-http.md","3189","2209","0.69","yes","no","no","yes","no","high:english-depth+missing-output+missing-mistakes"
"programming-basics/05-http-messages-state.md","4045","2597","0.64","yes","no","no","yes","no","high:english-depth+missing-output+missing-mistakes"
"programming-basics/06-https-tls-certificates.md","3548","2474","0.70","yes","no","yes","yes","no","medium:english-depth+missing-output"
"programming-basics/07-server-side-path.md","5248","3534","0.67","yes","no","no","yes","no","high:english-depth+missing-output+missing-mistakes"
"programming-basics/08-problem-solving-algorithms.md","2675","2486","0.93","yes","no","no","yes","no","medium:missing-output+missing-mistakes"
"programming-basics/08-server-proxy-api-gateway.md","5076","4670","0.92","yes","no","no","yes","no","medium:missing-output+missing-mistakes"
"programming-basics/09-browser-rendering-devtools.md","2343","2612","1.11","yes","no","no","yes","no","medium:missing-output+missing-mistakes"
"programming-basics/10-http-caching-compression.md","2575","2762","1.07","yes","no","no","yes","no","medium:missing-output+missing-mistakes"
"programming-basics/11-same-origin-cors.md","2513","2736","1.09","yes","no","no","yes","no","medium:missing-output+missing-mistakes"
"programming-basics/12-realtime-webhooks.md","2494","2676","1.07","yes","no","no","yes","no","medium:missing-output+missing-mistakes"
"programming-basics/13-api-design.md","2795","2984","1.07","yes","no","no","yes","no","medium:missing-output+missing-mistakes"
"programming-basics/14-network-layers-lan-ethernet-arp.md","4252","3212","0.76","yes","no","no","yes","no","medium:missing-output+missing-mistakes"
"programming-basics/15-addressing-dhcp-nat-routing-ipv6.md","3812","2848","0.75","yes","no","no","yes","no","medium:missing-output+missing-mistakes"
"programming-basics/16-http2-http3-quic.md","3655","2829","0.77","yes","no","no","yes","no","medium:missing-output+missing-mistakes"
"programming-basics/17-proxies-cdn-waf-observability.md","4806","4529","0.94","yes","no","no","yes","no","medium:missing-output+missing-mistakes"
"programming-basics/computer-fundamentals/01-learning-roadmap.md","4156","4474","1.08","no","no","yes","yes","yes","low"
"programming-basics/computer-fundamentals/02-computers-data-processing.md","5251","5002","0.95","no","no","no","yes","yes","medium:missing-mistakes"
"programming-basics/computer-fundamentals/03-binary-languages-algorithms.md","6806","6341","0.93","no","no","yes","yes","yes","low"
"programming-basics/computer-fundamentals/03-hardware-architecture.md","4254","4639","1.09","yes","no","no","yes","no","medium:missing-output+missing-mistakes"
"programming-basics/computer-fundamentals/04-cpu-gpu.md","4497","4623","1.03","no","no","no","yes","no","medium:missing-mistakes"
"programming-basics/computer-fundamentals/04-tech-fields-ai-engineering-mindset.md","4425","4690","1.06","no","no","yes","yes","yes","low"
"programming-basics/computer-fundamentals/05-os-terminal-files-git.md","4739","4253","0.90","yes","no","no","yes","no","medium:missing-output+missing-mistakes"
"programming-basics/computer-fundamentals/05-ram-memory-buffers.md","5347","4902","0.92","no","no","no","yes","no","medium:missing-mistakes"
"programming-basics/computer-fundamentals/06-operating-systems.md","4824","5342","1.11","yes","no","no","yes","no","medium:missing-output+missing-mistakes"
"programming-basics/computer-fundamentals/09-git-debugging.md","3920","3843","0.98","yes","no","no","yes","no","medium:missing-output+missing-mistakes"
"programming-basics/math-problem-solving/01-arithmetic-foundations.md","5155","4939","0.96","no","no","yes","yes","yes","low"
"programming-basics/math-problem-solving/02-variables-equations-logic.md","5255","4960","0.94","no","no","yes","yes","yes","low"
"programming-basics/math-problem-solving/03-applied-math-graphs-primes.md","5270","4997","0.95","no","no","yes","yes","yes","low"
"programming-basics/math-problem-solving/04-computational-thinking.md","5226","5095","0.97","no","no","yes","yes","yes","low"
"programming-basics/math-problem-solving/05-algorithms-pseudocode-decision-trees.md","4131","4465","1.08","no","no","yes","yes","yes","low"
"programming-basics/math-problem-solving/06-flowcharts-loops-debugging.md","4091","4432","1.08","no","no","yes","yes","yes","low"
"reference/example.md","1061","1219","1.15","no","no","no","yes","no","medium:missing-mistakes+thin"

