"file","title","kind","before_words","after_words","review_result"
"01-web-and-request-flow.md","الإنترنت والويب ورحلة الطلب","درس","1143","1437","تبسيط الرحلة وتعريف الأدوار والبروتوكولات والحقول والتخزين وإعادة الاتصال وأدوات التشخيص."
"02-dns-and-ip.md","كيف يتحول اسم الموقع إلى عنوان؟","درس","904","1137","شرح الجهات والسجلات والإجابة السلبية وحماية DNS والتشفير؛ تجربة nslookup وتفسير النتيجة."
"03-tcp-udp-packets.md","نقل البيانات باستخدام TCP وUDP","درس","966","1200","شرح الإقرار والبدء والإغلاق والفقد والرسالة وتدفق البايتات وحجم الحزمة وحدود الضمان."
"04-url-ports-http.md","عنوان الويب والمنافذ وبروتوكول HTTP","درس","684","1016","فك أجزاء العنوان ونطاقات المنافذ والاتصال وترميز الرموز؛ تجهيز مثال محلي كامل ونتيجته."
"05-http-messages-state.md","طلبات HTTP والردود والجلسات","درس","772","1289","تفسير رسائل HTTP والحالات والجلسات والحقول؛ Content-Length=27؛ مثال PHP يقبل نصًا ويرفض قائمة وطريقة غير مدعومة."
"06-https-tls-certificates.md","تشفير الاتصال وشهادات المواقع","درس","736","1522","إعادة كتابة كاملة للمفاتيح والمصافحة والشهادة وCA وDV/OV/EV والإلغاء والسياسات مع مراجع أصلية."
"07-server-side-path.md","رحلة الطلب داخل الخادم","درس","1014","1556","تعريف أدوار الخادم والوسيط وPHP-FPM والخطوات الداخلية والمهلات وميزانية الموارد."
"08-problem-solving-algorithms.md","مقارنة الخوارزميات وطرق تنظيم البيانات","درس","558","849","حل تجميع طلبات العملاء؛ تفسير البنى والتعقيد والبحث الثنائي؛ تقييد O(1) للبحث بالمفتاح بالافتراض المناسب."
"08-server-proxy-api-gateway.md","الخوادم الوسيطة وتوزيع الطلبات","درس","1040","1185","تفريق الوسيط والموازن والبوابة وسياسات التوزيع والصحة وإعادة المحاولة وخطر تضاعف الطلبات."
"09-browser-rendering-devtools.md","كيف يعرض المتصفح الصفحة؟","درس","509","729","شرح شجر الصفحة والمظهر ومراحل العرض والتفاعل ومقاييسه وإعادة التخطيط وأدوات الفحص."
"10-http-caching-compression.md","التخزين المؤقت وضغط بيانات الويب","درس","626","765","تصحيح max-age؛ شرح النسخ والتحقق والرد القديم والضغط وخطر تمييز نسخة أو مفتاح تخزين خاطئ."
"11-same-origin-cors.md","السماح بقراءة البيانات بين المواقع","درس","434","770","شرح الأصل والفحص المسبق والسماح والاعتماد؛ تمييز القراءة عن المصادقة؛ توضيح حدود مقطع PHP وno-cors."
"12-realtime-webhooks.md","التحديثات المباشرة وإشعارات الخوادم","درس","494","890","شرح تدفقات الأحداث والإشعارات والتوقيع والبايتات الخام وقبول المهمة ومنع التكرار وحدود المقاطع."
"13-api-design.md","تصميم واجهات تبادل البيانات","درس","503","820","تعريف أساليب واجهات البيانات وأخطاء الطلب وترقيم النتائج والتوافق ومفتاح منع التكرار."
"14-network-layers-lan-ethernet-arp.md","كيف تتواصل الأجهزة داخل الشبكة المحلية؟","درس","805","1055","شرح الطبقات والوصلة المحلية وإطار الشبكة وتصحيح تمثيل Ethernet وWi-Fi وVLAN ومنع الدوران."
"15-addressing-dhcp-nat-routing-ipv6.md","عناوين الشبكات وتقسيمها وتوجيه البيانات","درس","622","1118","حساب /24 و/26 بالبتات وأطول مسار مطابق؛ شرح DHCP وNAT وIPv6 وتهيئة العنوان والراوتر."
"16-http2-http3-quic.md","كيف يختلف HTTP/2 عن HTTP/3؟","درس","625","818","شرح التدفقات والإطارات والضغط والفقد و0-RTT وانتقال الاتصال دون وعود مطلقة بالسرعة أو غياب الانتظار."
"17-proxies-cdn-waf-observability.md","توزيع المحتوى وحماية الطلبات ومراقبتها","درس","1061","1189","شرح توزيع المحتوى والحماية والمراقبة والإبطال والإنذارات الخاطئة؛ تشخيص مبني على قياس ودليل."
"index.md","أساسيات الكمبيوتر والبرمجة والشبكات","دليل قسم","161","163","تبسيط اسم القسم، توضيح الغرض وترتيب الدروس، تحديث الفهرس والتنقل."
"networking-next.md","الشبكات والويب","دليل قسم","164","188","تبسيط اسم القسم، توضيح الغرض وترتيب الدروس، تحديث الفهرس والتنقل."
"computer-fundamentals/01-learning-roadmap.md","ابدأ هنا: أساسيات الكمبيوتر والبرمجة","درس","354","356","تدرج البداية ومتطلبات الجهاز والعمل بملف حقيقي؛ تحديث الإحالات."
"computer-fundamentals/01-using-your-computer.md","النوافذ والماوس والكتابة","درس","390","380","مراجعة النوافذ والكتابة والتبديل والتطبيق العملي؛ الحفاظ على خطوات المبتدئ."
"computer-fundamentals/02-binary-data-representation.md","إزاي الكمبيوتر يمثل الأرقام والنصوص والصور؟","درس","0","1215","درس جديد: 5→101 بالوزن والقسمة، التحويل العكسي، البت والبايت، النص والصورة والصوت والوحدات؛ تصحيح اتجاه الجدول."
"computer-fundamentals/02-computers-data-processing.md","كيف يحوّل الكمبيوتر المدخلات إلى نتيجة؟","درس","323","318","مراجعة المدخل والمعالجة والمخرج والفرق بين البيانات والتعليمات."
"computer-fundamentals/02-files-and-folders.md","الملفات والمجلدات والحفظ","درس","425","418","مراجعة المسار والامتداد والحفظ وإعادة الفتح والفرق بين الاسم والمحتوى."
"computer-fundamentals/03-binary-languages-algorithms.md","من فكرة إلى خطوات ثم برنامج","درس","371","375","شرح الخوارزمية والوصف شبه البرمجي وربط التمثيل الثنائي بدرسه."
"computer-fundamentals/03-hardware-architecture.md","مكونات الجهاز التي تستخدمها","درس","322","370","شرح أسماء مكونات الجهاز ووظائفها دون افتراض معرفة الاختصارات."
"computer-fundamentals/03-programs-installation-safety.md","البرامج والتثبيت والاستخدام الآمن","درس","381","374","مراجعة التثبيت ومصدر البرنامج والصلاحيات والاستخدام الآمن."
"computer-fundamentals/04-cpu-gpu.md","المعالج وتنفيذ التعليمات","درس","281","293","توضيح دور المعالج ومعالج الرسوم وعدم مساواة السرعة بصحة البرنامج."
"computer-fundamentals/04-tech-fields-ai-engineering-mindset.md","اختبر جاهزيتك واختر خطوتك التالية","درس","392","413","إضافة اختبار جاهزية للقوائم والدوال وربط اختيار اللغة بالتطبيق."
"computer-fundamentals/05-os-terminal-files-git.md","جهّز مجلد أول برنامج ومحرره","درس","369","381","مراجعة إنشاء مجلد العمل واختيار المحرر والحفظ بالامتداد الصحيح."
"computer-fundamentals/05-ram-memory-buffers.md","الذاكرة والحفظ: أين ذهب شغلك؟","درس","317","338","مراجعة الفرق بين ذاكرة العمل والحفظ الدائم وفقد العمل غير المحفوظ."
"computer-fundamentals/06-operating-systems.md","نظام التشغيل والبرامج والملفات","درس","284","277","مراجعة نظام التشغيل والبرنامج والملف وأمثلة التفاعل."
"computer-fundamentals/07-internet-browser-basics.md","الإنترنت والمتصفح والعنوان","درس","323","359","مراجعة الإنترنت والمتصفح والعنوان والخدمات والاتصال الآمن."
"computer-fundamentals/08-first-program.md","اكتب أول برنامج واحفظه وشغّله","درس","398","410","تشغيل المثال وحالات تغيير النص والحساب والخطأ النحوي ومطابقة النسختين."
"computer-fundamentals/09-git-debugging.md","راجع نتيجتك واعرف فائدة Git","درس","449","443","مراجعة الخطأ المتوقع والفعلي وتعريف فائدة تاريخ الملفات."
"computer-fundamentals/09-values-and-calculations.md","القيم والمتغيرات والحساب","درس","385","386","اختبار المتغيرات والحساب والفرق بين النص والعدد وحدود الكمية."
"computer-fundamentals/10-decisions-and-repetition.md","قرار بسيط وتكرار خطوات","درس","425","426","اختبار الشرط والتكرار والصفر والسالب وحد الحلقة، وربط درس القوائم التالي."
"computer-fundamentals/11-functions-and-lists.md","القوائم والدوال: نظّم البيانات والخطوات","درس","0","684","درس جديد قابل للتشغيل: القائمة والموضع والدالة والمدخل والإرجاع والنطاق؛ 54 و90 وحالات الفارغ والخصم."
"computer-fundamentals/index.md","استخدام الكمبيوتر وأساسيات البرمجة","دليل قسم","201","179","تبسيط اسم القسم، توضيح الغرض وترتيب الدروس، تحديث الفهرس والتنقل."
"computer-in-depth/01-learning-roadmap.md","خريطة التعلّم وقواعد الدراسة","درس","567","525","تحويل توصيات المذاكرة إلى خطة تطبيق وخصم وحدود وإعادة اختبار."
"computer-in-depth/02-computers-data-processing.md","الكمبيوتر والبيانات ودورة المعالجة","درس","727","833","شرح زمن الاستجابة ومعدل الإنجاز والمقاطعة والفحص الدوري ونقل الذاكرة بمثال قياس."
"computer-in-depth/03-binary-languages-algorithms.md","الثنائي ولغات البرمجة والخوارزميات","درس","1042","1209","أمثلة السداسي والسالب 8 بت وترتيب البايتات والكسور؛ شرح الترجمة والمكتبات والاعتمادات."
"computer-in-depth/03-hardware-architecture.md","مكوّنات الهاردوير واللوحة الأم","درس","607","847","شرح وصلات التخزين والطاقة والإقلاع والتوافق وتشخيص موضع البطء؛ RAID ليس نسخة احتياطية."
"computer-in-depth/04-cpu-gpu.md","CPU وGPU والمعالجة المتوازية","درس","667","976","تفسير الاختصارات ومكونات التنفيذ والتوازي وذاكرة الرسوم وقانون أمدال والوسيط مقابل المتوسط."
"computer-in-depth/04-tech-fields-ai-engineering-mindset.md","مجالات التقنية والذكاء الاصطناعي والعقلية الهندسية","درس","576","634","تجربة مقارنة مجالين وشرح السحابة والأنظمة المدمجة والتحيز والتقييم؛ إزالة تعميم إنتاجية الذكاء الاصطناعي."
"computer-in-depth/05-os-terminal-files-git.md","الطرفية والملفات والصلاحيات والبيئة","درس","670","1117","إعادة كتابة الطرفية؛ مجلد تدريب مستقل؛ أوامر موضحة؛ أنبوب PowerShell للكائنات وقنوات الخرج ورمز الانتهاء."
"computer-in-depth/05-ram-memory-buffers.md","RAM والذاكرة الافتراضية والـBuffers","درس","842","1217","مثال ترجمة عنوان 5000 إلى صفحة وإزاحة؛ الفرق بين غياب الترجمة وخطأ الصفحة؛ الطوابير وتسرب الذاكرة."
"computer-in-depth/06-operating-systems.md","نظام التشغيل: البنية والأنواع وطريقة العمل","درس","675","1302","إعادة كتابة عربية مبسطة للنواة والخيوط والجدولة والذاكرة والملفات والعزل والتواصل والتعطل المتبادل."
"computer-in-depth/09-git-debugging.md","Git وDebugging والاختبارات الأساسية","درس","595","942","تجربة مستودع محلي ولقطة وتعديل؛ شرح الفرع والتعارض والاسترجاع والاختبارات والبحث عن أول عطل."
"computer-in-depth/index.md","داخل الكمبيوتر وأدوات التطوير","دليل قسم","117","124","تبسيط اسم القسم، توضيح الغرض وترتيب الدروس، تحديث الفهرس والتنقل."
"math-problem-solving/01-arithmetic-foundations.md","الأساس الرياضي: الباقي والنسب والمتوسط والقوى","درس","740","834","قواعد السالب حسب اللغة، باقي القسمة والمجموعات والمتوسط والوسيط وGCD وLCM وحالات الصفر."
"math-problem-solving/02-variables-equations-logic.md","المتغيرات والمعادلات والمنطق البولياني","درس","734","884","جدول حقيقة كامل والشرط المنطقي والمجموعات والعلاقات ومجال الدالة وصورة الدالة والكميات."
"math-problem-solving/03-applied-math-graphs-primes.md","الرياضيات التطبيقية والقياس والرسوم والأعداد الأولية","درس","1034","1166","أمثلة المتتابعات والمضروب والعشوائية والعد والاحتمال؛ تصحيح الاستقلال؛ تتبع BFS والتعقيد."
"math-problem-solving/04-computational-thinking.md","التفكير الحاسوبي وتحليل المتطلبات","درس","705","915","أمثلة جدول التكرار والمجموع السابق والمؤشرين ونمو الخطوات والجشع والتقسيم والاختبارات."
"math-problem-solving/05-algorithms-pseudocode-decision-trees.md","الخوارزميات وPseudocode وأشجار القرار","درس","822","976","خوارزمية أكبر ثلاثة أعداد سالبة، شروط الصحة والتوقف؛ شرح جدول العملات واختبار نتائجه."
"math-problem-solving/06-flowcharts-loops-debugging.md","المخططات الانسيابية والحلقات والتصحيح","درس","544","673","تصحيح فرع الحلقة والرجوع للشرط؛ جدول تتبع 0 و1 و3؛ تفسير خطأ الدورة الزائدة والحلقات المتداخلة."
"math-problem-solving/index.md","الرياضيات وحل المشكلات","دليل قسم","138","109","تبسيط اسم القسم، توضيح الغرض وترتيب الدروس، تحديث الفهرس والتنقل."
